,Unnamed: 0,0,Dataset,Epsilon,Network,Image,Result,TotalTime,Unnamed: 0.1,Verifier,instance,solved_bool,solved,score
1,5524,,mnist,0.012,N33,MNIST_P48_N33,sat,14.6236,1124.0,verinet,MNIST_P48_N33 N33 0.012,True,1,1
2,5580,,mnist,0.012,N12,MNIST_P79_N12,unsat,60.5359,1180.0,verinet,MNIST_P79_N12 N12 0.012,True,1,1
3,5579,,mnist,0.012,N33,MNIST_P61_N33,unsat,59.5219,1179.0,verinet,MNIST_P61_N33 N33 0.012,True,1,1
4,5577,,mnist,0.012,N19,MNIST_P73_N19,unsat,52.0686,1177.0,verinet,MNIST_P73_N19 N19 0.012,True,1,1
5,5574,,mnist,0.012,N4,MNIST_P40_N4,unsat,50.8599,1174.0,verinet,MNIST_P40_N4 N4 0.012,True,1,1
6,5570,,mnist,0.012,N19,MNIST_P8_N19,sat,6.3979,1170.0,verinet,MNIST_P8_N19 N19 0.012,True,1,1
7,5566,,mnist,0.012,N19,MNIST_P10_N19,unsat,51.0643,1166.0,verinet,MNIST_P10_N19 N19 0.012,True,1,1
8,5561,,mnist,0.012,N19,MNIST_P6_N19,unsat,51.7041,1161.0,verinet,MNIST_P6_N19 N19 0.012,True,1,1
9,5560,,mnist,0.012,N22,MNIST_P8_N22,unsat,58.1372,1160.0,verinet,MNIST_P8_N22 N22 0.012,True,1,1
10,5552,,mnist,0.012,N21,MNIST_P23_N21,unsat,49.0637,1152.0,verinet,MNIST_P23_N21 N21 0.012,True,1,1
11,5547,,mnist,0.012,N33,MNIST_P38_N33,unsat,57.1578,1147.0,verinet,MNIST_P38_N33 N33 0.012,True,1,1
12,5536,,mnist,0.012,N33,MNIST_P47_N33,unsat,61.3057,1136.0,verinet,MNIST_P47_N33 N33 0.012,True,1,1
13,5522,,mnist,0.012,N33,MNIST_P26_N33,unsat,61.1848,1122.0,verinet,MNIST_P26_N33 N33 0.012,True,1,1
14,4964,,mnist,0.012,N4,MNIST_P69_N4,unsat,50.52,564.0,verinet,MNIST_P69_N4 N4 0.012,True,1,1
15,5517,,mnist,0.012,N22,MNIST_P11_N22,unsat,60.321,1117.0,verinet,MNIST_P11_N22 N22 0.012,True,1,1
16,5515,,mnist,0.012,N4,MNIST_P47_N4,unsat,50.1151,1115.0,verinet,MNIST_P47_N4 N4 0.012,True,1,1
17,5508,,mnist,0.012,N12,MNIST_P20_N12,unsat,58.1682,1108.0,verinet,MNIST_P20_N12 N12 0.012,True,1,1
18,5482,,mnist,0.012,N19,MNIST_P22_N19,unsat,51.928,1082.0,verinet,MNIST_P22_N19 N19 0.012,True,1,1
19,5469,,mnist,0.012,N4,MNIST_P51_N4,unsat,49.994,1069.0,verinet,MNIST_P51_N4 N4 0.012,True,1,1
20,5465,,mnist,0.012,N33,MNIST_P9_N33,unsat,58.545,1065.0,verinet,MNIST_P9_N33 N33 0.012,True,1,1
21,5457,,mnist,0.012,N19,MNIST_P52_N19,unsat,51.5689,1057.0,verinet,MNIST_P52_N19 N19 0.012,True,1,1
22,5454,,mnist,0.012,N4,MNIST_P82_N4,unsat,52.668,1054.0,verinet,MNIST_P82_N4 N4 0.012,True,1,1
23,5451,,mnist,0.012,N22,MNIST_P57_N22,unsat,59.8131,1051.0,verinet,MNIST_P57_N22 N22 0.012,True,1,1
24,5448,,mnist,0.012,N21,MNIST_P55_N21,unsat,52.1506,1048.0,verinet,MNIST_P55_N21 N21 0.012,True,1,1
25,5410,,mnist,0.012,N22,MNIST_P76_N22,unsat,59.257,1010.0,verinet,MNIST_P76_N22 N22 0.012,True,1,1
26,5585,,mnist,0.012,N22,MNIST_P35_N22,unsat,60.2065,1185.0,verinet,MNIST_P35_N22 N22 0.012,True,1,1
27,5607,,mnist,0.012,N21,MNIST_P81_N21,unsat,51.0164,1207.0,verinet,MNIST_P81_N21 N21 0.012,True,1,1
28,5622,,mnist,0.012,N33,MNIST_P50_N33,unsat,58.2016,1222.0,verinet,MNIST_P50_N33 N33 0.012,True,1,1
29,5624,,mnist,0.012,N4,MNIST_P35_N4,unsat,52.3195,1224.0,verinet,MNIST_P35_N4 N4 0.012,True,1,1
30,5778,,mnist,0.012,N21,MNIST_P84_N21,unsat,51.3614,1378.0,verinet,MNIST_P84_N21 N21 0.012,True,1,1
31,5775,,mnist,0.012,N4,MNIST_P17_N4,unsat,51.941,1375.0,verinet,MNIST_P17_N4 N4 0.012,True,1,1
32,5774,,mnist,0.012,N4,MNIST_P80_N4,unsat,51.0169,1374.0,verinet,MNIST_P80_N4 N4 0.012,True,1,1
33,5752,,mnist,0.012,N21,MNIST_P13_N21,unsat,51.0062,1352.0,verinet,MNIST_P13_N21 N21 0.012,True,1,1
34,5744,,mnist,0.012,N22,MNIST_P26_N22,unsat,61.6756,1344.0,verinet,MNIST_P26_N22 N22 0.012,True,1,1
35,5742,,mnist,0.012,N12,MNIST_P5_N12,unsat,61.2347,1342.0,verinet,MNIST_P5_N12 N12 0.012,True,1,1
36,5739,,mnist,0.012,N33,MNIST_P28_N33,unsat,60.1205,1339.0,verinet,MNIST_P28_N33 N33 0.012,True,1,1
37,5728,,mnist,0.012,N4,MNIST_P15_N4,unsat,52.3837,1328.0,verinet,MNIST_P15_N4 N4 0.012,True,1,1
38,5727,,mnist,0.012,N4,MNIST_P1_N4,unsat,52.4389,1327.0,verinet,MNIST_P1_N4 N4 0.012,True,1,1
39,5725,,mnist,0.012,N12,MNIST_P32_N12,unsat,58.549,1325.0,verinet,MNIST_P32_N12 N12 0.012,True,1,1
40,5718,,mnist,0.012,N19,MNIST_P18_N19,unsat,49.9785,1318.0,verinet,MNIST_P18_N19 N19 0.012,True,1,1
41,5713,,mnist,0.012,N33,MNIST_P1_N33,unsat,57.9815,1313.0,verinet,MNIST_P1_N33 N33 0.012,True,1,1
42,5687,,mnist,0.012,N21,MNIST_P64_N21,unsat,52.6877,1287.0,verinet,MNIST_P64_N21 N21 0.012,True,1,1
43,5675,,mnist,0.012,N22,MNIST_P36_N22,unsat,59.9293,1275.0,verinet,MNIST_P36_N22 N22 0.012,True,1,1
44,5665,,mnist,0.012,N12,MNIST_P69_N12,unsat,61.2308,1265.0,verinet,MNIST_P69_N12 N12 0.012,True,1,1
45,5663,,mnist,0.012,N33,MNIST_P77_N33,unsat,59.8968,1263.0,verinet,MNIST_P77_N33 N33 0.012,True,1,1
46,5662,,mnist,0.012,N22,MNIST_P56_N22,unsat,60.8506,1262.0,verinet,MNIST_P56_N22 N22 0.012,True,1,1
47,5659,,mnist,0.012,N19,MNIST_P89_N19,unsat,51.525,1259.0,verinet,MNIST_P89_N19 N19 0.012,True,1,1
48,5655,,mnist,0.012,N22,MNIST_P32_N22,unsat,58.9697,1255.0,verinet,MNIST_P32_N22 N22 0.012,True,1,1
49,5654,,mnist,0.012,N19,MNIST_P11_N19,unsat,50.2937,1254.0,verinet,MNIST_P11_N19 N19 0.012,True,1,1
50,5645,,mnist,0.012,N4,MNIST_P38_N4,unsat,52.5292,1245.0,verinet,MNIST_P38_N4 N4 0.012,True,1,1
51,5633,,mnist,0.012,N12,MNIST_P29_N12,unsat,58.8945,1233.0,verinet,MNIST_P29_N12 N12 0.012,True,1,1
52,5631,,mnist,0.012,N22,MNIST_P91_N22,unsat,62.4108,1231.0,verinet,MNIST_P91_N22 N22 0.012,True,1,1
53,5406,,mnist,0.012,N12,MNIST_P41_N12,unsat,59.5331,1006.0,verinet,MNIST_P41_N12 N12 0.012,True,1,1
54,5399,,mnist,0.012,N12,MNIST_P55_N12,unsat,58.4753,999.0,verinet,MNIST_P55_N12 N12 0.012,True,1,1
55,5395,,mnist,0.012,N4,MNIST_P24_N4,unsat,51.3173,995.0,verinet,MNIST_P24_N4 N4 0.012,True,1,1
56,5193,,mnist,0.012,N12,MNIST_P15_N12,unsat,56.187,793.0,verinet,MNIST_P15_N12 N12 0.012,True,1,1
57,5191,,mnist,0.012,N33,MNIST_P67_N33,unsat,56.7597,791.0,verinet,MNIST_P67_N33 N33 0.012,True,1,1
58,5170,,mnist,0.012,N12,MNIST_P35_N12,unsat,59.0889,770.0,verinet,MNIST_P35_N12 N12 0.012,True,1,1
59,5165,,mnist,0.012,N33,MNIST_P60_N33,unsat,60.6155,765.0,verinet,MNIST_P60_N33 N33 0.012,True,1,1
60,5161,,mnist,0.012,N19,MNIST_P64_N19,unsat,50.0781,761.0,verinet,MNIST_P64_N19 N19 0.012,True,1,1
61,5156,,mnist,0.012,N21,MNIST_P16_N21,unsat,52.1769,756.0,verinet,MNIST_P16_N21 N21 0.012,True,1,1
62,5151,,mnist,0.012,N4,MNIST_P30_N4,unsat,51.6311,751.0,verinet,MNIST_P30_N4 N4 0.012,True,1,1
63,5121,,mnist,0.012,N33,MNIST_P68_N33,unsat,60.4713,721.0,verinet,MNIST_P68_N33 N33 0.012,True,1,1
64,5110,,mnist,0.012,N19,MNIST_P74_N19,unsat,49.6782,710.0,verinet,MNIST_P74_N19 N19 0.012,True,1,1
65,5101,,mnist,0.012,N33,MNIST_P0_N33,unsat,58.421,701.0,verinet,MNIST_P0_N33 N33 0.012,True,1,1
66,5095,,mnist,0.012,N4,MNIST_P76_N4,unsat,51.6005,695.0,verinet,MNIST_P76_N4 N4 0.012,True,1,1
67,5093,,mnist,0.012,N33,MNIST_P36_N33,unsat,59.1696,693.0,verinet,MNIST_P36_N33 N33 0.012,True,1,1
68,5079,,mnist,0.012,N4,MNIST_P59_N4,unsat,50.295,679.0,verinet,MNIST_P59_N4 N4 0.012,True,1,1
69,5050,,mnist,0.012,N4,MNIST_P48_N4,unsat,50.5557,650.0,verinet,MNIST_P48_N4 N4 0.012,True,1,1
70,5047,,mnist,0.012,N33,MNIST_P31_N33,unsat,58.6231,647.0,verinet,MNIST_P31_N33 N33 0.012,True,1,1
71,5044,,mnist,0.012,N4,MNIST_P3_N4,unsat,51.8466,644.0,verinet,MNIST_P3_N4 N4 0.012,True,1,1
72,5042,,mnist,0.012,N4,MNIST_P21_N4,unsat,50.6125,642.0,verinet,MNIST_P21_N4 N4 0.012,True,1,1
73,5037,,mnist,0.012,N12,MNIST_P77_N12,unsat,60.1055,637.0,verinet,MNIST_P77_N12 N12 0.012,True,1,1
74,5033,,mnist,0.012,N21,MNIST_P56_N21,unsat,51.9392,633.0,verinet,MNIST_P56_N21 N21 0.012,True,1,1
75,5015,,mnist,0.012,N4,MNIST_P60_N4,unsat,50.1709,615.0,verinet,MNIST_P60_N4 N4 0.012,True,1,1
76,4990,,mnist,0.012,N19,MNIST_P28_N19,unsat,50.5487,590.0,verinet,MNIST_P28_N19 N19 0.012,True,1,1
77,4984,,mnist,0.012,N12,MNIST_P3_N12,unsat,60.3977,584.0,verinet,MNIST_P3_N12 N12 0.012,True,1,1
78,4982,,mnist,0.012,N12,MNIST_P71_N12,unsat,63.0649,582.0,verinet,MNIST_P71_N12 N12 0.012,True,1,1
79,4973,,mnist,0.012,N22,MNIST_P88_N22,unsat,59.2741,573.0,verinet,MNIST_P88_N22 N22 0.012,True,1,1
80,5192,,mnist,0.012,N19,MNIST_P68_N19,unsat,47.9478,792.0,verinet,MNIST_P68_N19 N19 0.012,True,1,1
81,5195,,mnist,0.012,N33,MNIST_P74_N33,unsat,59.078,795.0,verinet,MNIST_P74_N33 N33 0.012,True,1,1
82,5391,,mnist,0.012,N33,MNIST_P53_N33,unsat,58.7747,991.0,verinet,MNIST_P53_N33 N33 0.012,True,1,1
83,5201,,mnist,0.012,N19,MNIST_P45_N19,unsat,48.12,801.0,verinet,MNIST_P45_N19 N19 0.012,True,1,1
84,5385,,mnist,0.012,N21,MNIST_P83_N21,unsat,51.9766,985.0,verinet,MNIST_P83_N21 N21 0.012,True,1,1
85,5380,,mnist,0.012,N22,MNIST_P19_N22,unsat,60.674,980.0,verinet,MNIST_P19_N22 N22 0.012,True,1,1
86,5373,,mnist,0.012,N22,MNIST_P10_N22,unsat,59.3874,973.0,verinet,MNIST_P10_N22 N22 0.012,True,1,1
87,5361,,mnist,0.012,N4,MNIST_P28_N4,unsat,50.8155,961.0,verinet,MNIST_P28_N4 N4 0.012,True,1,1
88,5354,,mnist,0.012,N4,MNIST_P85_N4,unsat,51.8583,954.0,verinet,MNIST_P85_N4 N4 0.012,True,1,1
89,5350,,mnist,0.012,N12,MNIST_P93_N12,unsat,58.543,950.0,verinet,MNIST_P93_N12 N12 0.012,True,1,1
90,5345,,mnist,0.012,N21,MNIST_P38_N21,sat,6.2516,945.0,verinet,MNIST_P38_N21 N21 0.012,True,1,1
91,5326,,mnist,0.012,N4,MNIST_P25_N4,unsat,49.9395,926.0,verinet,MNIST_P25_N4 N4 0.012,True,1,1
92,5325,,mnist,0.012,N4,MNIST_P88_N4,unsat,49.7396,925.0,verinet,MNIST_P88_N4 N4 0.012,True,1,1
93,5323,,mnist,0.012,N33,MNIST_P45_N33,unsat,60.1562,923.0,verinet,MNIST_P45_N33 N33 0.012,True,1,1
94,5305,,mnist,0.012,N19,MNIST_P14_N19,unsat,52.2672,905.0,verinet,MNIST_P14_N19 N19 0.012,True,1,1
95,5292,,mnist,0.012,N33,MNIST_P8_N33,unsat,60.4148,892.0,verinet,MNIST_P8_N33 N33 0.012,True,1,1
96,5280,,mnist,0.012,N33,MNIST_P17_N33,unsat,56.5859,880.0,verinet,MNIST_P17_N33 N33 0.012,True,1,1
97,5276,,mnist,0.012,N33,MNIST_P64_N33,unsat,57.892,876.0,verinet,MNIST_P64_N33 N33 0.012,True,1,1
98,5272,,mnist,0.012,N19,MNIST_P97_N19,unsat,50.7907,872.0,verinet,MNIST_P97_N19 N19 0.012,True,1,1
99,5264,,mnist,0.012,N4,MNIST_P26_N4,unsat,48.6008,864.0,verinet,MNIST_P26_N4 N4 0.012,True,1,1
100,5260,,mnist,0.012,N21,MNIST_P0_N21,unsat,47.8169,860.0,verinet,MNIST_P0_N21 N21 0.012,True,1,1
101,5257,,mnist,0.012,N33,MNIST_P65_N33,sat,27.1305,857.0,verinet,MNIST_P65_N33 N33 0.012,True,1,1
102,5254,,mnist,0.012,N19,MNIST_P72_N19,unsat,48.6384,854.0,verinet,MNIST_P72_N19 N19 0.012,True,1,1
103,5253,,mnist,0.012,N33,MNIST_P44_N33,sat,45.3279,853.0,verinet,MNIST_P44_N33 N33 0.012,True,1,1
104,5224,,mnist,0.012,N21,MNIST_P3_N21,unsat,50.147,824.0,verinet,MNIST_P3_N21 N21 0.012,True,1,1
105,5216,,mnist,0.012,N12,MNIST_P2_N12,unsat,56.1787,816.0,verinet,MNIST_P2_N12 N12 0.012,True,1,1
106,5203,,mnist,0.012,N19,MNIST_P56_N19,unsat,50.4207,803.0,verinet,MNIST_P56_N19 N19 0.012,True,1,1
107,5779,,mnist,0.012,N12,MNIST_P87_N12,unsat,59.7172,1379.0,verinet,MNIST_P87_N12 N12 0.012,True,1,1
108,5780,,mnist,0.012,N33,MNIST_P58_N33,unsat,60.1639,1380.0,verinet,MNIST_P58_N33 N33 0.012,True,1,1
109,5783,,mnist,0.012,N4,MNIST_P55_N4,unsat,52.9111,1383.0,verinet,MNIST_P55_N4 N4 0.012,True,1,1
110,6521,,mnist,0.012,N12,MNIST_P4_N12,unsat,59.1126,2121.0,verinet,MNIST_P4_N12 N12 0.012,True,1,1
111,6507,,mnist,0.012,N21,MNIST_P60_N21,unsat,51.3098,2107.0,verinet,MNIST_P60_N21 N21 0.012,True,1,1
112,6494,,mnist,0.012,N21,MNIST_P82_N21,unsat,52.2523,2094.0,verinet,MNIST_P82_N21 N21 0.012,True,1,1
113,6490,,mnist,0.012,N19,MNIST_P13_N19,unsat,51.3846,2090.0,verinet,MNIST_P13_N19 N19 0.012,True,1,1
114,6483,,mnist,0.012,N21,MNIST_P14_N21,unsat,53.5661,2083.0,verinet,MNIST_P14_N21 N21 0.012,True,1,1
115,6466,,mnist,0.012,N22,MNIST_P44_N22,unsat,61.123,2066.0,verinet,MNIST_P44_N22 N22 0.012,True,1,1
116,6465,,mnist,0.012,N22,MNIST_P80_N22,sat,13.6013,2065.0,verinet,MNIST_P80_N22 N22 0.012,True,1,1
117,6464,,mnist,0.012,N12,MNIST_P70_N12,unsat,60.4069,2064.0,verinet,MNIST_P70_N12 N12 0.012,True,1,1
118,6463,,mnist,0.012,N19,MNIST_P92_N19,unsat,51.1363,2063.0,verinet,MNIST_P92_N19 N19 0.012,True,1,1
119,6456,,mnist,0.012,N22,MNIST_P41_N22,unsat,60.3579,2056.0,verinet,MNIST_P41_N22 N22 0.012,True,1,1
120,6448,,mnist,0.012,N12,MNIST_P34_N12,unsat,58.7641,2048.0,verinet,MNIST_P34_N12 N12 0.012,True,1,1
121,6443,,mnist,0.012,N4,MNIST_P2_N4,unsat,51.5329,2043.0,verinet,MNIST_P2_N4 N4 0.012,True,1,1
122,6439,,mnist,0.012,N4,MNIST_P95_N4,unsat,52.4569,2039.0,verinet,MNIST_P95_N4 N4 0.012,True,1,1
123,6431,,mnist,0.012,N21,MNIST_P54_N21,unsat,52.3674,2031.0,verinet,MNIST_P54_N21 N21 0.012,True,1,1
124,6406,,mnist,0.012,N19,MNIST_P4_N19,unsat,51.1212,2006.0,verinet,MNIST_P4_N19 N19 0.012,True,1,1
125,6404,,mnist,0.012,N19,MNIST_P81_N19,unsat,50.6982,2004.0,verinet,MNIST_P81_N19 N19 0.012,True,1,1
126,6396,,mnist,0.012,N19,MNIST_P77_N19,unsat,50.9016,1996.0,verinet,MNIST_P77_N19 N19 0.012,True,1,1
127,6389,,mnist,0.012,N22,MNIST_P43_N22,unsat,60.8548,1989.0,verinet,MNIST_P43_N22 N22 0.012,True,1,1
128,6382,,mnist,0.012,N12,MNIST_P86_N12,unsat,59.2061,1982.0,verinet,MNIST_P86_N12 N12 0.012,True,1,1
129,6370,,mnist,0.012,N21,MNIST_P32_N21,unsat,50.966,1970.0,verinet,MNIST_P32_N21 N21 0.012,True,1,1
130,6364,,mnist,0.012,N21,MNIST_P30_N21,unsat,52.8156,1964.0,verinet,MNIST_P30_N21 N21 0.012,True,1,1
131,6323,,mnist,0.012,N19,MNIST_P60_N19,unsat,49.0823,1923.0,verinet,MNIST_P60_N19 N19 0.012,True,1,1
132,6304,,mnist,0.012,N22,MNIST_P58_N22,unsat,59.777,1904.0,verinet,MNIST_P58_N22 N22 0.012,True,1,1
133,6287,,mnist,0.012,N4,MNIST_P73_N4,unsat,50.3833,1887.0,verinet,MNIST_P73_N4 N4 0.012,True,1,1
134,6509,,mnist,0.012,N22,MNIST_P38_N22,unsat,60.032,2109.0,verinet,MNIST_P38_N22 N22 0.012,True,1,1
135,6529,,mnist,0.012,N19,MNIST_P99_N19,unsat,52.488,2129.0,verinet,MNIST_P99_N19 N19 0.012,True,1,1
136,6278,,mnist,0.012,N21,MNIST_P42_N21,unsat,50.7779,1878.0,verinet,MNIST_P42_N21 N21 0.012,True,1,1
137,6530,,mnist,0.012,N33,MNIST_P30_N33,unsat,58.9546,2130.0,verinet,MNIST_P30_N33 N33 0.012,True,1,1
138,6695,,mnist,0.012,N22,MNIST_P1_N22,unsat,59.5623,2295.0,verinet,MNIST_P1_N22 N22 0.012,True,1,1
139,6685,,mnist,0.012,N4,MNIST_P84_N4,unsat,53.3982,2285.0,verinet,MNIST_P84_N4 N4 0.012,True,1,1
140,6679,,mnist,0.012,N12,MNIST_P7_N12,unsat,59.6286,2279.0,verinet,MNIST_P7_N12 N12 0.012,True,1,1
141,6671,,mnist,0.012,N33,MNIST_P66_N33,unsat,61.2618,2271.0,verinet,MNIST_P66_N33 N33 0.012,True,1,1
142,6656,,mnist,0.012,N12,MNIST_P17_N12,unsat,58.7111,2256.0,verinet,MNIST_P17_N12 N12 0.012,True,1,1
143,6638,,mnist,0.012,N4,MNIST_P94_N4,unsat,53.4563,2238.0,verinet,MNIST_P94_N4 N4 0.012,True,1,1
144,6631,,mnist,0.012,N21,MNIST_P11_N21,unsat,50.6855,2231.0,verinet,MNIST_P11_N21 N21 0.012,True,1,1
145,6626,,mnist,0.012,N19,MNIST_P25_N19,unsat,49.8975,2226.0,verinet,MNIST_P25_N19 N19 0.012,True,1,1
146,6621,,mnist,0.012,N4,MNIST_P98_N4,unsat,50.6249,2221.0,verinet,MNIST_P98_N4 N4 0.012,True,1,1
147,6610,,mnist,0.012,N22,MNIST_P60_N22,unsat,59.2136,2210.0,verinet,MNIST_P60_N22 N22 0.012,True,1,1
148,6609,,mnist,0.012,N4,MNIST_P23_N4,unsat,51.3655,2209.0,verinet,MNIST_P23_N4 N4 0.012,True,1,1
149,6606,,mnist,0.012,N12,MNIST_P22_N12,unsat,60.5614,2206.0,verinet,MNIST_P22_N12 N12 0.012,True,1,1
150,6597,,mnist,0.012,N22,MNIST_P55_N22,unsat,59.7641,2197.0,verinet,MNIST_P55_N22 N22 0.012,True,1,1
151,6592,,mnist,0.012,N22,MNIST_P87_N22,unsat,58.9183,2192.0,verinet,MNIST_P87_N22 N22 0.012,True,1,1
152,6587,,mnist,0.012,N33,MNIST_P39_N33,unsat,57.6679,2187.0,verinet,MNIST_P39_N33 N33 0.012,True,1,1
153,6582,,mnist,0.012,N4,MNIST_P65_N4,unsat,52.1774,2182.0,verinet,MNIST_P65_N4 N4 0.012,True,1,1
154,6580,,mnist,0.012,N22,MNIST_P75_N22,unsat,58.6547,2180.0,verinet,MNIST_P75_N22 N22 0.012,True,1,1
155,6578,,mnist,0.012,N33,MNIST_P56_N33,unsat,59.8931,2178.0,verinet,MNIST_P56_N33 N33 0.012,True,1,1
156,6576,,mnist,0.012,N4,MNIST_P22_N4,unsat,50.9262,2176.0,verinet,MNIST_P22_N4 N4 0.012,True,1,1
157,6569,,mnist,0.012,N12,MNIST_P52_N12,unsat,60.5618,2169.0,verinet,MNIST_P52_N12 N12 0.012,True,1,1
158,6561,,mnist,0.012,N22,MNIST_P3_N22,unsat,60.8071,2161.0,verinet,MNIST_P3_N22 N22 0.012,True,1,1
159,6542,,mnist,0.012,N21,MNIST_P36_N21,unsat,51.9157,2142.0,verinet,MNIST_P36_N21 N21 0.012,True,1,1
160,6540,,mnist,0.012,N21,MNIST_P1_N21,unsat,51.7167,2140.0,verinet,MNIST_P1_N21 N21 0.012,True,1,1
161,6282,,mnist,0.012,N21,MNIST_P90_N21,unsat,50.8162,1882.0,verinet,MNIST_P90_N21 N21 0.012,True,1,1
162,6276,,mnist,0.012,N12,MNIST_P16_N12,unsat,59.0219,1876.0,verinet,MNIST_P16_N12 N12 0.012,True,1,1
163,5794,,mnist,0.012,N4,MNIST_P31_N4,unsat,51.3898,1394.0,verinet,MNIST_P31_N4 N4 0.012,True,1,1
164,6016,,mnist,0.012,N33,MNIST_P13_N33,unsat,82.4524,1616.0,verinet,MNIST_P13_N33 N33 0.012,True,1,1
165,6009,,mnist,0.012,N33,MNIST_P93_N33,unsat,86.8863,1609.0,verinet,MNIST_P93_N33 N33 0.012,True,1,1
166,6001,,mnist,0.012,N4,MNIST_P16_N4,unsat,50.6205,1601.0,verinet,MNIST_P16_N4 N4 0.012,True,1,1
167,5996,,mnist,0.012,N22,MNIST_P31_N22,unsat,60.4385,1596.0,verinet,MNIST_P31_N22 N22 0.012,True,1,1
168,5995,,mnist,0.012,N12,MNIST_P18_N12,unsat,62.2374,1595.0,verinet,MNIST_P18_N12 N12 0.012,True,1,1
169,5994,,mnist,0.012,N22,MNIST_P15_N22,unsat,61.7215,1594.0,verinet,MNIST_P15_N22 N22 0.012,True,1,1
170,5988,,mnist,0.012,N4,MNIST_P68_N4,unsat,51.0243,1588.0,verinet,MNIST_P68_N4 N4 0.012,True,1,1
171,5980,,mnist,0.012,N19,MNIST_P20_N19,unsat,50.0037,1580.0,verinet,MNIST_P20_N19 N19 0.012,True,1,1
172,5973,,mnist,0.012,N12,MNIST_P12_N12,unsat,60.6527,1573.0,verinet,MNIST_P12_N12 N12 0.012,True,1,1
173,5950,,mnist,0.012,N12,MNIST_P38_N12,unsat,59.9699,1550.0,verinet,MNIST_P38_N12 N12 0.012,True,1,1
174,5902,,mnist,0.012,N22,MNIST_P93_N22,unsat,60.791,1502.0,verinet,MNIST_P93_N22 N22 0.012,True,1,1
175,5890,,mnist,0.012,N19,MNIST_P16_N19,unsat,49.889,1490.0,verinet,MNIST_P16_N19 N19 0.012,True,1,1
176,5887,,mnist,0.012,N4,MNIST_P75_N4,unsat,51.799,1487.0,verinet,MNIST_P75_N4 N4 0.012,True,1,1
177,5884,,mnist,0.012,N12,MNIST_P74_N12,unsat,59.4852,1484.0,verinet,MNIST_P74_N12 N12 0.012,True,1,1
178,5874,,mnist,0.012,N4,MNIST_P90_N4,unsat,50.5972,1474.0,verinet,MNIST_P90_N4 N4 0.012,True,1,1
179,5863,,mnist,0.012,N19,MNIST_P26_N19,unsat,51.5201,1463.0,verinet,MNIST_P26_N19 N19 0.012,True,1,1
180,5862,,mnist,0.012,N19,MNIST_P70_N19,unsat,50.1896,1462.0,verinet,MNIST_P70_N19 N19 0.012,True,1,1
181,5848,,mnist,0.012,N19,MNIST_P32_N19,unsat,50.7693,1448.0,verinet,MNIST_P32_N19 N19 0.012,True,1,1
182,5842,,mnist,0.012,N12,MNIST_P90_N12,unsat,59.0668,1442.0,verinet,MNIST_P90_N12 N12 0.012,True,1,1
183,5832,,mnist,0.012,N12,MNIST_P53_N12,unsat,59.8385,1432.0,verinet,MNIST_P53_N12 N12 0.012,True,1,1
184,5830,,mnist,0.012,N12,MNIST_P91_N12,unsat,58.3147,1430.0,verinet,MNIST_P91_N12 N12 0.012,True,1,1
185,5819,,mnist,0.012,N12,MNIST_P14_N12,unsat,61.0921,1419.0,verinet,MNIST_P14_N12 N12 0.012,True,1,1
186,5815,,mnist,0.012,N12,MNIST_P95_N12,unsat,62.5855,1415.0,verinet,MNIST_P95_N12 N12 0.012,True,1,1
187,5799,,mnist,0.012,N4,MNIST_P27_N4,unsat,51.4068,1399.0,verinet,MNIST_P27_N4 N4 0.012,True,1,1
188,6011,,mnist,0.012,N4,MNIST_P64_N4,unsat,76.8621,1611.0,verinet,MNIST_P64_N4 N4 0.012,True,1,1
189,6023,,mnist,0.012,N12,MNIST_P81_N12,unsat,71.7179,1623.0,verinet,MNIST_P81_N12 N12 0.012,True,1,1
190,6257,,mnist,0.012,N12,MNIST_P68_N12,unsat,58.934,1857.0,verinet,MNIST_P68_N12 N12 0.012,True,1,1
191,6032,,mnist,0.012,N4,MNIST_P6_N4,unsat,62.4486,1632.0,verinet,MNIST_P6_N4 N4 0.012,True,1,1
192,6239,,mnist,0.012,N12,MNIST_P28_N12,unsat,62.8979,1839.0,verinet,MNIST_P28_N12 N12 0.012,True,1,1
193,6235,,mnist,0.012,N33,MNIST_P16_N33,unsat,62.203,1835.0,verinet,MNIST_P16_N33 N33 0.012,True,1,1
194,6202,,mnist,0.012,N12,MNIST_P45_N12,unsat,71.5867,1802.0,verinet,MNIST_P45_N12 N12 0.012,True,1,1
195,6200,,mnist,0.012,N4,MNIST_P62_N4,unsat,59.8379,1800.0,verinet,MNIST_P62_N4 N4 0.012,True,1,1
196,6170,,mnist,0.012,N4,MNIST_P99_N4,unsat,67.3052,1770.0,verinet,MNIST_P99_N4 N4 0.012,True,1,1
197,6164,,mnist,0.012,N19,MNIST_P39_N19,unsat,67.3912,1764.0,verinet,MNIST_P39_N19 N19 0.012,True,1,1
198,6146,,mnist,0.012,N12,MNIST_P76_N12,unsat,92.5881,1746.0,verinet,MNIST_P76_N12 N12 0.012,True,1,1
199,6133,,mnist,0.012,N33,MNIST_P82_N33,unsat,91.9317,1733.0,verinet,MNIST_P82_N33 N33 0.012,True,1,1
200,6128,,mnist,0.012,N4,MNIST_P54_N4,unsat,99.3986,1728.0,verinet,MNIST_P54_N4 N4 0.012,True,1,1
201,6125,,mnist,0.012,N22,MNIST_P54_N22,unsat,112.9338,1725.0,verinet,MNIST_P54_N22 N22 0.012,True,1,1
202,6122,,mnist,0.012,N19,MNIST_P40_N19,unsat,101.2399,1722.0,verinet,MNIST_P40_N19 N19 0.012,True,1,1
203,6108,,mnist,0.012,N22,MNIST_P18_N22,unsat,113.04,1708.0,verinet,MNIST_P18_N22 N22 0.012,True,1,1
204,6101,,mnist,0.012,N22,MNIST_P29_N22,unsat,60.824,1701.0,verinet,MNIST_P29_N22 N22 0.012,True,1,1
205,6099,,mnist,0.012,N22,MNIST_P84_N22,unsat,58.6455,1699.0,verinet,MNIST_P84_N22 N22 0.012,True,1,1
206,6097,,mnist,0.012,N19,MNIST_P9_N19,unsat,51.3544,1697.0,verinet,MNIST_P9_N19 N19 0.012,True,1,1
207,6095,,mnist,0.012,N21,MNIST_P48_N21,unsat,50.385,1695.0,verinet,MNIST_P48_N21 N21 0.012,True,1,1
208,6088,,mnist,0.012,N21,MNIST_P28_N21,unsat,50.4192,1688.0,verinet,MNIST_P28_N21 N21 0.012,True,1,1
209,6087,,mnist,0.012,N19,MNIST_P69_N19,unsat,49.8708,1687.0,verinet,MNIST_P69_N19 N19 0.012,True,1,1
210,6062,,mnist,0.012,N12,MNIST_P92_N12,sat,19.6722,1662.0,verinet,MNIST_P92_N12 N12 0.012,True,1,1
211,6050,,mnist,0.012,N19,MNIST_P17_N19,unsat,60.2382,1650.0,verinet,MNIST_P17_N19 N19 0.012,True,1,1
212,6045,,mnist,0.012,N19,MNIST_P3_N19,unsat,59.007,1645.0,verinet,MNIST_P3_N19 N19 0.012,True,1,1
213,6043,,mnist,0.012,N19,MNIST_P85_N19,unsat,58.5704,1643.0,verinet,MNIST_P85_N19 N19 0.012,True,1,1
214,6042,,mnist,0.012,N12,MNIST_P51_N12,unsat,68.3383,1642.0,verinet,MNIST_P51_N12 N12 0.012,True,1,1
215,4971,,mnist,0.012,N21,MNIST_P87_N21,unsat,51.6821,571.0,verinet,MNIST_P87_N21 N21 0.012,True,1,1
216,4962,,mnist,0.012,N12,MNIST_P84_N12,unsat,58.4962,562.0,verinet,MNIST_P84_N12 N12 0.012,True,1,1
217,6703,,mnist,0.012,N22,MNIST_P73_N22,unsat,58.8011,2303.0,verinet,MNIST_P73_N22 N22 0.012,True,1,1
231,4961,,mnist,0.012,N33,MNIST_P81_N33,unsat,58.2731,561.0,verinet,MNIST_P81_N33 N33 0.012,True,1,1
327,4789,,mnist,0.012,N21,MNIST_P9_N21,unsat,49.5365,389.0,verinet,MNIST_P9_N21 N21 0.012,True,1,1
328,4753,,mnist,0.012,N33,MNIST_P85_N33,unsat,57.6589,353.0,verinet,MNIST_P85_N33 N33 0.012,True,1,1
329,4737,,mnist,0.012,N12,MNIST_P0_N12,unsat,64.0647,337.0,verinet,MNIST_P0_N12 N12 0.012,True,1,1
330,4732,,mnist,0.012,N19,MNIST_P24_N19,unsat,54.8354,332.0,verinet,MNIST_P24_N19 N19 0.012,True,1,1
331,4729,,mnist,0.012,N19,MNIST_P88_N19,unsat,54.0222,329.0,verinet,MNIST_P88_N19 N19 0.012,True,1,1
332,4723,,mnist,0.012,N4,MNIST_P61_N4,unsat,52.3041,323.0,verinet,MNIST_P61_N4 N4 0.012,True,1,1
333,4719,,mnist,0.012,N12,MNIST_P72_N12,unsat,59.886,319.0,verinet,MNIST_P72_N12 N12 0.012,True,1,1
334,4718,,mnist,0.012,N22,MNIST_P94_N22,unsat,58.6569,318.0,verinet,MNIST_P94_N22 N22 0.012,True,1,1
335,4716,,mnist,0.012,N19,MNIST_P83_N19,unsat,50.793,316.0,verinet,MNIST_P83_N19 N19 0.012,True,1,1
336,4713,,mnist,0.012,N19,MNIST_P36_N19,unsat,49.5625,313.0,verinet,MNIST_P36_N19 N19 0.012,True,1,1
337,4707,,mnist,0.012,N21,MNIST_P73_N21,unsat,50.8168,307.0,verinet,MNIST_P73_N21 N21 0.012,True,1,1
338,4692,,mnist,0.012,N4,MNIST_P70_N4,unsat,50.2566,292.0,verinet,MNIST_P70_N4 N4 0.012,True,1,1
339,4683,,mnist,0.012,N12,MNIST_P50_N12,unsat,60.1586,283.0,verinet,MNIST_P50_N12 N12 0.012,True,1,1
340,4673,,mnist,0.012,N12,MNIST_P37_N12,unsat,59.4147,273.0,verinet,MNIST_P37_N12 N12 0.012,True,1,1
341,4667,,mnist,0.012,N33,MNIST_P7_N33,unsat,59.8311,267.0,verinet,MNIST_P7_N33 N33 0.012,True,1,1
342,4656,,mnist,0.012,N19,MNIST_P91_N19,unsat,48.5702,256.0,verinet,MNIST_P91_N19 N19 0.012,True,1,1
343,4655,,mnist,0.012,N22,MNIST_P79_N22,unsat,59.8263,255.0,verinet,MNIST_P79_N22 N22 0.012,True,1,1
344,4643,,mnist,0.012,N33,MNIST_P91_N33,unsat,58.8741,243.0,verinet,MNIST_P91_N33 N33 0.012,True,1,1
345,4628,,mnist,0.012,N19,MNIST_P48_N19,unsat,50.0748,228.0,verinet,MNIST_P48_N19 N19 0.012,True,1,1
346,4622,,mnist,0.012,N22,MNIST_P90_N22,unsat,59.6203,222.0,verinet,MNIST_P90_N22 N22 0.012,True,1,1
347,4612,,mnist,0.012,N12,MNIST_P82_N12,unsat,60.8224,212.0,verinet,MNIST_P82_N12 N12 0.012,True,1,1
348,4607,,mnist,0.012,N12,MNIST_P21_N12,unsat,59.4895,207.0,verinet,MNIST_P21_N12 N12 0.012,True,1,1
349,4604,,mnist,0.012,N4,MNIST_P20_N4,unsat,52.9132,204.0,verinet,MNIST_P20_N4 N4 0.012,True,1,1
350,4602,,mnist,0.012,N12,MNIST_P88_N12,unsat,60.9813,202.0,verinet,MNIST_P88_N12 N12 0.012,True,1,1
351,4788,,mnist,0.012,N4,MNIST_P97_N4,unsat,50.0345,388.0,verinet,MNIST_P97_N4 N4 0.012,True,1,1
352,4791,,mnist,0.012,N22,MNIST_P6_N22,unsat,57.6705,391.0,verinet,MNIST_P6_N22 N22 0.012,True,1,1
353,4587,,mnist,0.012,N33,MNIST_P69_N33,unsat,59.9488,187.0,verinet,MNIST_P69_N33 N33 0.012,True,1,1
354,4798,,mnist,0.012,N19,MNIST_P41_N19,unsat,49.6466,398.0,verinet,MNIST_P41_N19 N19 0.012,True,1,1
355,4951,,mnist,0.012,N33,MNIST_P15_N33,unsat,59.6484,551.0,verinet,MNIST_P15_N33 N33 0.012,True,1,1
356,4944,,mnist,0.012,N19,MNIST_P0_N19,unsat,49.4987,544.0,verinet,MNIST_P0_N19 N19 0.012,True,1,1
357,4940,,mnist,0.012,N21,MNIST_P18_N21,unsat,50.7404,540.0,verinet,MNIST_P18_N21 N21 0.012,True,1,1
358,4937,,mnist,0.012,N21,MNIST_P27_N21,unsat,49.9205,537.0,verinet,MNIST_P27_N21 N21 0.012,True,1,1
359,4932,,mnist,0.012,N4,MNIST_P44_N4,unsat,52.1235,532.0,verinet,MNIST_P44_N4 N4 0.012,True,1,1
360,4916,,mnist,0.012,N22,MNIST_P22_N22,unsat,59.7154,516.0,verinet,MNIST_P22_N22 N22 0.012,True,1,1
361,4915,,mnist,0.012,N4,MNIST_P83_N4,unsat,50.4214,515.0,verinet,MNIST_P83_N4 N4 0.012,True,1,1
362,4908,,mnist,0.012,N22,MNIST_P16_N22,unsat,58.8582,508.0,verinet,MNIST_P16_N22 N22 0.012,True,1,1
363,4892,,mnist,0.012,N33,MNIST_P34_N33,unsat,60.9269,492.0,verinet,MNIST_P34_N33 N33 0.012,True,1,1
364,4890,,mnist,0.012,N33,MNIST_P29_N33,unsat,59.6146,490.0,verinet,MNIST_P29_N33 N33 0.012,True,1,1
365,4884,,mnist,0.012,N33,MNIST_P4_N33,sat,40.1192,484.0,verinet,MNIST_P4_N33 N33 0.012,True,1,1
366,4880,,mnist,0.012,N22,MNIST_P99_N22,unsat,57.717,480.0,verinet,MNIST_P99_N22 N22 0.012,True,1,1
367,4874,,mnist,0.012,N21,MNIST_P19_N21,unsat,51.9457,474.0,verinet,MNIST_P19_N21 N21 0.012,True,1,1
368,4871,,mnist,0.012,N33,MNIST_P52_N33,unsat,60.0521,471.0,verinet,MNIST_P52_N33 N33 0.012,True,1,1
369,4868,,mnist,0.012,N4,MNIST_P46_N4,unsat,51.6329,468.0,verinet,MNIST_P46_N4 N4 0.012,True,1,1
370,4865,,mnist,0.012,N19,MNIST_P57_N19,unsat,51.1964,465.0,verinet,MNIST_P57_N19 N19 0.012,True,1,1
371,4863,,mnist,0.012,N22,MNIST_P48_N22,unsat,60.0855,463.0,verinet,MNIST_P48_N22 N22 0.012,True,1,1
372,4862,,mnist,0.012,N12,MNIST_P36_N12,unsat,61.8007,462.0,verinet,MNIST_P36_N12 N12 0.012,True,1,1
373,4835,,mnist,0.012,N4,MNIST_P19_N4,unsat,51.0052,435.0,verinet,MNIST_P19_N4 N4 0.012,True,1,1
374,4827,,mnist,0.012,N33,MNIST_P12_N33,unsat,60.6569,427.0,verinet,MNIST_P12_N33 N33 0.012,True,1,1
375,4826,,mnist,0.012,N33,MNIST_P54_N33,unsat,57.9031,426.0,verinet,MNIST_P54_N33 N33 0.012,True,1,1
376,4812,,mnist,0.012,N22,MNIST_P21_N22,unsat,60.48,412.0,verinet,MNIST_P21_N22 N22 0.012,True,1,1
377,4808,,mnist,0.012,N33,MNIST_P62_N33,unsat,61.0361,408.0,verinet,MNIST_P62_N33 N33 0.012,True,1,1
378,4592,,mnist,0.012,N19,MNIST_P29_N19,unsat,52.7978,192.0,verinet,MNIST_P29_N19 N19 0.012,True,1,1
379,4586,,mnist,0.012,N33,MNIST_P79_N33,unsat,62.3249,186.0,verinet,MNIST_P79_N33 N33 0.012,True,1,1
407,4582,,mnist,0.012,N33,MNIST_P89_N33,unsat,60.937,182.0,verinet,MNIST_P89_N33 N33 0.012,True,1,1
409,4581,,mnist,0.012,N12,MNIST_P39_N12,unsat,62.7982,181.0,verinet,MNIST_P39_N12 N12 0.012,True,1,1
410,4575,,mnist,0.012,N19,MNIST_P78_N19,unsat,49.2173,175.0,verinet,MNIST_P78_N19 N19 0.012,True,1,1
411,4571,,mnist,0.012,N22,MNIST_P47_N22,unsat,58.385,171.0,verinet,MNIST_P47_N22 N22 0.012,True,1,1
412,4564,,mnist,0.012,N4,MNIST_P92_N4,unsat,50.3066,164.0,verinet,MNIST_P92_N4 N4 0.012,True,1,1
413,4555,,mnist,0.012,N21,MNIST_P78_N21,unsat,52.054,155.0,verinet,MNIST_P78_N21 N21 0.012,True,1,1
414,4545,,mnist,0.012,N12,MNIST_P25_N12,unsat,58.4972,145.0,verinet,MNIST_P25_N12 N12 0.012,True,1,1
415,4519,,mnist,0.012,N19,MNIST_P33_N19,unsat,50.8673,119.0,verinet,MNIST_P33_N19 N19 0.012,True,1,1
416,4513,,mnist,0.012,N21,MNIST_P97_N21,unsat,49.9378,113.0,verinet,MNIST_P97_N21 N21 0.012,True,1,1
417,4511,,mnist,0.012,N4,MNIST_P93_N4,unsat,51.4231,111.0,verinet,MNIST_P93_N4 N4 0.012,True,1,1
418,4505,,mnist,0.012,N33,MNIST_P87_N33,sat,26.8191,105.0,verinet,MNIST_P87_N33 N33 0.012,True,1,1
419,4457,,mnist,0.012,N12,MNIST_P64_N12,unsat,69.9963,57.0,verinet,MNIST_P64_N12 N12 0.012,True,1,1
420,4452,,mnist,0.012,N22,MNIST_P52_N22,unsat,70.5142,52.0,verinet,MNIST_P52_N22 N22 0.012,True,1,1
421,4441,,mnist,0.012,N33,MNIST_P3_N33,unsat,78.0237,41.0,verinet,MNIST_P3_N33 N33 0.012,True,1,1
422,4434,,mnist,0.012,N12,MNIST_P9_N12,unsat,74.0035,34.0,verinet,MNIST_P9_N12 N12 0.012,True,1,1
423,4428,,mnist,0.012,N19,MNIST_P27_N19,unsat,68.1817,28.0,verinet,MNIST_P27_N19 N19 0.012,True,1,1
424,4427,,mnist,0.012,N19,MNIST_P65_N19,unsat,78.5171,27.0,verinet,MNIST_P65_N19 N19 0.012,True,1,1
425,4406,,mnist,0.012,N4,MNIST_P42_N4,unsat,99.5525,6.0,verinet,MNIST_P42_N4 N4 0.012,True,1,1
432,6698,,mnist,0.012,N19,MNIST_P12_N19,unsat,50.5349,2298.0,verinet,MNIST_P12_N19 N19 0.012,True,1,1
433,6710,,mnist,0.012,N4,MNIST_P56_N4,unsat,50.9429,2310.0,verinet,MNIST_P56_N4 N4 0.012,True,1,1
448,8460,,mnist,0.012,N4,MNIST_P49_N4,unsat,51.6122,4060.0,verinet,MNIST_P49_N4 N4 0.012,True,1,1
490,8660,,mnist,0.012,N22,MNIST_P66_N22,unsat,61.3584,4260.0,verinet,MNIST_P66_N22 N22 0.012,True,1,1
491,8649,,mnist,0.012,N21,MNIST_P50_N21,unsat,52.8835,4249.0,verinet,MNIST_P50_N21 N21 0.012,True,1,1
492,8640,,mnist,0.012,N33,MNIST_P19_N33,sat,34.7775,4240.0,verinet,MNIST_P19_N33 N33 0.012,True,1,1
493,8634,,mnist,0.012,N19,MNIST_P94_N19,unsat,51.8932,4234.0,verinet,MNIST_P94_N19 N19 0.012,True,1,1
494,8623,,mnist,0.012,N33,MNIST_P33_N33,sat,14.8009,4223.0,verinet,MNIST_P33_N33 N33 0.012,True,1,1
495,8601,,mnist,0.012,N12,MNIST_P24_N12,unsat,60.3688,4201.0,verinet,MNIST_P24_N12 N12 0.012,True,1,1
496,8592,,mnist,0.012,N22,MNIST_P82_N22,unsat,60.7441,4192.0,verinet,MNIST_P82_N22 N22 0.012,True,1,1
497,8581,,mnist,0.012,N22,MNIST_P96_N22,sat,27.0324,4181.0,verinet,MNIST_P96_N22 N22 0.012,True,1,1
498,8579,,mnist,0.012,N4,MNIST_P39_N4,unsat,51.4217,4179.0,verinet,MNIST_P39_N4 N4 0.012,True,1,1
499,8572,,mnist,0.012,N12,MNIST_P73_N12,unsat,58.7825,4172.0,verinet,MNIST_P73_N12 N12 0.012,True,1,1
500,8567,,mnist,0.012,N19,MNIST_P43_N19,unsat,50.4766,4167.0,verinet,MNIST_P43_N19 N19 0.012,True,1,1
501,8558,,mnist,0.012,N4,MNIST_P11_N4,unsat,51.7192,4158.0,verinet,MNIST_P11_N4 N4 0.012,True,1,1
502,8550,,mnist,0.012,N33,MNIST_P43_N33,unsat,58.1261,4150.0,verinet,MNIST_P43_N33 N33 0.012,True,1,1
503,8548,,mnist,0.012,N4,MNIST_P63_N4,unsat,50.1561,4148.0,verinet,MNIST_P63_N4 N4 0.012,True,1,1
504,8542,,mnist,0.012,N12,MNIST_P47_N12,unsat,57.9977,4142.0,verinet,MNIST_P47_N12 N12 0.012,True,1,1
505,8535,,mnist,0.012,N22,MNIST_P81_N22,unsat,60.3631,4135.0,verinet,MNIST_P81_N22 N22 0.012,True,1,1
506,8533,,mnist,0.012,N33,MNIST_P40_N33,unsat,61.0759,4133.0,verinet,MNIST_P40_N33 N33 0.012,True,1,1
507,8513,,mnist,0.012,N19,MNIST_P53_N19,unsat,50.2911,4113.0,verinet,MNIST_P53_N19 N19 0.012,True,1,1
508,8502,,mnist,0.012,N21,MNIST_P21_N21,unsat,51.8815,4102.0,verinet,MNIST_P21_N21 N21 0.012,True,1,1
509,8499,,mnist,0.012,N22,MNIST_P14_N22,unsat,58.408,4099.0,verinet,MNIST_P14_N22 N22 0.012,True,1,1
510,8493,,mnist,0.012,N33,MNIST_P97_N33,sat,18.5556,4093.0,verinet,MNIST_P97_N33 N33 0.012,True,1,1
511,8485,,mnist,0.012,N12,MNIST_P1_N12,unsat,61.5047,4085.0,verinet,MNIST_P1_N12 N12 0.012,True,1,1
512,8483,,mnist,0.012,N19,MNIST_P75_N19,unsat,51.6389,4083.0,verinet,MNIST_P75_N19 N19 0.012,True,1,1
513,8481,,mnist,0.012,N21,MNIST_P69_N21,unsat,52.0601,4081.0,verinet,MNIST_P69_N21 N21 0.012,True,1,1
514,8657,,mnist,0.012,N21,MNIST_P75_N21,unsat,52.071,4257.0,verinet,MNIST_P75_N21 N21 0.012,True,1,1
515,8664,,mnist,0.012,N22,MNIST_P37_N22,unsat,61.4192,4264.0,verinet,MNIST_P37_N22 N22 0.012,True,1,1
517,8671,,mnist,0.012,N19,MNIST_P30_N19,unsat,51.4317,4271.0,verinet,MNIST_P30_N19 N19 0.012,True,1,1
521,8797,,mnist,0.012,N22,MNIST_P25_N22,unsat,60.9776,4397.0,verinet,MNIST_P25_N22 N22 0.012,True,1,1
522,8786,,mnist,0.012,N33,MNIST_P78_N33,unsat,59.2415,4386.0,verinet,MNIST_P78_N33 N33 0.012,True,1,1
523,8784,,mnist,0.012,N4,MNIST_P86_N4,unsat,51.4653,4384.0,verinet,MNIST_P86_N4 N4 0.012,True,1,1
524,8776,,mnist,0.012,N33,MNIST_P73_N33,unsat,58.1152,4376.0,verinet,MNIST_P73_N33 N33 0.012,True,1,1
525,8770,,mnist,0.012,N33,MNIST_P95_N33,sat,12.4155,4370.0,verinet,MNIST_P95_N33 N33 0.012,True,1,1
526,8765,,mnist,0.012,N33,MNIST_P2_N33,unsat,61.2897,4365.0,verinet,MNIST_P2_N33 N33 0.012,True,1,1
527,8757,,mnist,0.012,N22,MNIST_P78_N22,unsat,56.0535,4357.0,verinet,MNIST_P78_N22 N22 0.012,True,1,1
528,8754,,mnist,0.012,N22,MNIST_P86_N22,unsat,58.8636,4354.0,verinet,MNIST_P86_N22 N22 0.012,True,1,1
529,8752,,mnist,0.012,N19,MNIST_P80_N19,unsat,50.3877,4352.0,verinet,MNIST_P80_N19 N19 0.012,True,1,1
530,8748,,mnist,0.012,N19,MNIST_P76_N19,unsat,48.7995,4348.0,verinet,MNIST_P76_N19 N19 0.012,True,1,1
531,8744,,mnist,0.012,N22,MNIST_P27_N22,unsat,59.6523,4344.0,verinet,MNIST_P27_N22 N22 0.012,True,1,1
532,8742,,mnist,0.012,N22,MNIST_P59_N22,unsat,59.8194,4342.0,verinet,MNIST_P59_N22 N22 0.012,True,1,1
533,8741,,mnist,0.012,N22,MNIST_P74_N22,unsat,59.6543,4341.0,verinet,MNIST_P74_N22 N22 0.012,True,1,1
534,8735,,mnist,0.012,N19,MNIST_P15_N19,unsat,49.802,4335.0,verinet,MNIST_P15_N19 N19 0.012,True,1,1
535,8729,,mnist,0.012,N12,MNIST_P57_N12,unsat,59.3145,4329.0,verinet,MNIST_P57_N12 N12 0.012,True,1,1
536,8726,,mnist,0.012,N12,MNIST_P54_N12,unsat,59.4984,4326.0,verinet,MNIST_P54_N12 N12 0.012,True,1,1
537,8722,,mnist,0.012,N33,MNIST_P35_N33,unsat,57.7668,4322.0,verinet,MNIST_P35_N33 N33 0.012,True,1,1
538,8715,,mnist,0.012,N33,MNIST_P14_N33,unsat,60.154,4315.0,verinet,MNIST_P14_N33 N33 0.012,True,1,1
539,8703,,mnist,0.012,N33,MNIST_P99_N33,unsat,59.0632,4303.0,verinet,MNIST_P99_N33 N33 0.012,True,1,1
540,8682,,mnist,0.012,N12,MNIST_P43_N12,unsat,60.2476,4282.0,verinet,MNIST_P43_N12 N12 0.012,True,1,1
649,8469,,mnist,0.012,N33,MNIST_P6_N33,sat,44.9425,4069.0,verinet,MNIST_P6_N33 N33 0.012,True,1,1
650,8459,,mnist,0.012,N33,MNIST_P83_N33,sat,14.1038,4059.0,verinet,MNIST_P83_N33 N33 0.012,True,1,1
651,6721,,mnist,0.012,N33,MNIST_P57_N33,unsat,59.1472,2321.0,verinet,MNIST_P57_N33 N33 0.012,True,1,1
652,7307,,mnist,0.012,N19,MNIST_P49_N19,unsat,50.2509,2907.0,verinet,MNIST_P49_N19 N19 0.012,True,1,1
653,7403,,mnist,0.012,N19,MNIST_P93_N19,unsat,50.6163,3003.0,verinet,MNIST_P93_N19 N19 0.012,True,1,1
654,7391,,mnist,0.012,N33,MNIST_P46_N33,sat,20.1815,2991.0,verinet,MNIST_P46_N33 N33 0.012,True,1,1
655,7378,,mnist,0.012,N21,MNIST_P22_N21,unsat,52.1174,2978.0,verinet,MNIST_P22_N21 N21 0.012,True,1,1
656,7361,,mnist,0.012,N4,MNIST_P50_N4,unsat,50.0903,2961.0,verinet,MNIST_P50_N4 N4 0.012,True,1,1
657,7356,,mnist,0.012,N22,MNIST_P5_N22,unsat,57.9518,2956.0,verinet,MNIST_P5_N22 N22 0.012,True,1,1
658,7336,,mnist,0.012,N21,MNIST_P4_N21,unsat,50.544,2936.0,verinet,MNIST_P4_N21 N21 0.012,True,1,1
659,7335,,mnist,0.012,N12,MNIST_P97_N12,unsat,56.1595,2935.0,verinet,MNIST_P97_N12 N12 0.012,True,1,1
660,7331,,mnist,0.012,N21,MNIST_P51_N21,unsat,50.9779,2931.0,verinet,MNIST_P51_N21 N21 0.012,True,1,1
661,7329,,mnist,0.012,N12,MNIST_P59_N12,unsat,59.6114,2929.0,verinet,MNIST_P59_N12 N12 0.012,True,1,1
662,7316,,mnist,0.012,N19,MNIST_P82_N19,unsat,51.5803,2916.0,verinet,MNIST_P82_N19 N19 0.012,True,1,1
663,7312,,mnist,0.012,N19,MNIST_P66_N19,unsat,51.1175,2912.0,verinet,MNIST_P66_N19 N19 0.012,True,1,1
664,7295,,mnist,0.012,N33,MNIST_P21_N33,unsat,58.5961,2895.0,verinet,MNIST_P21_N33 N33 0.012,True,1,1
665,8448,,mnist,0.012,N19,MNIST_P19_N19,unsat,53.6641,4048.0,verinet,MNIST_P19_N19 N19 0.012,True,1,1
666,7292,,mnist,0.012,N4,MNIST_P18_N4,unsat,51.9892,2892.0,verinet,MNIST_P18_N4 N4 0.012,True,1,1
667,7278,,mnist,0.012,N21,MNIST_P12_N21,unsat,50.7216,2878.0,verinet,MNIST_P12_N21 N21 0.012,True,1,1
668,7274,,mnist,0.012,N19,MNIST_P84_N19,unsat,52.178,2874.0,verinet,MNIST_P84_N19 N19 0.012,True,1,1
669,7248,,mnist,0.012,N12,MNIST_P66_N12,unsat,59.338,2848.0,verinet,MNIST_P66_N12 N12 0.012,True,1,1
670,7246,,mnist,0.012,N33,MNIST_P24_N33,sat,59.4321,2846.0,verinet,MNIST_P24_N33 N33 0.012,True,1,1
671,7242,,mnist,0.012,N4,MNIST_P34_N4,unsat,53.4466,2842.0,verinet,MNIST_P34_N4 N4 0.012,True,1,1
672,7238,,mnist,0.012,N22,MNIST_P95_N22,unsat,62.3704,2838.0,verinet,MNIST_P95_N22 N22 0.012,True,1,1
673,7234,,mnist,0.012,N22,MNIST_P28_N22,unsat,60.8146,2834.0,verinet,MNIST_P28_N22 N22 0.012,True,1,1
674,7233,,mnist,0.012,N22,MNIST_P24_N22,unsat,61.0572,2833.0,verinet,MNIST_P24_N22 N22 0.012,True,1,1
675,7227,,mnist,0.012,N22,MNIST_P89_N22,unsat,59.9499,2827.0,verinet,MNIST_P89_N22 N22 0.012,True,1,1
676,7221,,mnist,0.012,N33,MNIST_P25_N33,unsat,58.8584,2821.0,verinet,MNIST_P25_N33 N33 0.012,True,1,1
677,7418,,mnist,0.012,N21,MNIST_P39_N21,unsat,52.8693,3018.0,verinet,MNIST_P39_N21 N21 0.012,True,1,1
678,7426,,mnist,0.012,N33,MNIST_P11_N33,unsat,56.6969,3026.0,verinet,MNIST_P11_N33 N33 0.012,True,1,1
679,7447,,mnist,0.012,N22,MNIST_P23_N22,unsat,59.9516,3047.0,verinet,MNIST_P23_N22 N22 0.012,True,1,1
680,7449,,mnist,0.012,N4,MNIST_P71_N4,unsat,51.5465,3049.0,verinet,MNIST_P71_N4 N4 0.012,True,1,1
681,7580,,mnist,0.012,N12,MNIST_P13_N12,unsat,60.3318,3180.0,verinet,MNIST_P13_N12 N12 0.012,True,1,1
682,7569,,mnist,0.012,N21,MNIST_P91_N21,unsat,50.7515,3169.0,verinet,MNIST_P91_N21 N21 0.012,True,1,1
683,7556,,mnist,0.012,N12,MNIST_P48_N12,sat,13.3368,3156.0,verinet,MNIST_P48_N12 N12 0.012,True,1,1
684,7550,,mnist,0.012,N21,MNIST_P72_N21,unsat,52.0457,3150.0,verinet,MNIST_P72_N21 N21 0.012,True,1,1
685,7546,,mnist,0.012,N12,MNIST_P30_N12,unsat,62.0445,3146.0,verinet,MNIST_P30_N12 N12 0.012,True,1,1
686,7540,,mnist,0.012,N21,MNIST_P86_N21,unsat,51.8878,3140.0,verinet,MNIST_P86_N21 N21 0.012,True,1,1
687,7525,,mnist,0.012,N33,MNIST_P98_N33,unsat,61.4274,3125.0,verinet,MNIST_P98_N33 N33 0.012,True,1,1
688,7517,,mnist,0.012,N22,MNIST_P13_N22,unsat,61.1417,3117.0,verinet,MNIST_P13_N22 N22 0.012,True,1,1
689,7512,,mnist,0.012,N22,MNIST_P67_N22,unsat,61.2364,3112.0,verinet,MNIST_P67_N22 N22 0.012,True,1,1
690,7510,,mnist,0.012,N19,MNIST_P98_N19,unsat,51.5298,3110.0,verinet,MNIST_P98_N19 N19 0.012,True,1,1
691,7502,,mnist,0.012,N33,MNIST_P32_N33,unsat,58.6071,3102.0,verinet,MNIST_P32_N33 N33 0.012,True,1,1
692,7500,,mnist,0.012,N19,MNIST_P71_N19,unsat,50.365,3100.0,verinet,MNIST_P71_N19 N19 0.012,True,1,1
693,7496,,mnist,0.012,N21,MNIST_P68_N21,unsat,51.1834,3096.0,verinet,MNIST_P68_N21 N21 0.012,True,1,1
694,7493,,mnist,0.012,N22,MNIST_P97_N22,unsat,60.5627,3093.0,verinet,MNIST_P97_N22 N22 0.012,True,1,1
695,7489,,mnist,0.012,N22,MNIST_P7_N22,unsat,61.4588,3089.0,verinet,MNIST_P7_N22 N22 0.012,True,1,1
696,7481,,mnist,0.012,N33,MNIST_P22_N33,unsat,60.2205,3081.0,verinet,MNIST_P22_N33 N33 0.012,True,1,1
697,7480,,mnist,0.012,N4,MNIST_P77_N4,unsat,51.0416,3080.0,verinet,MNIST_P77_N4 N4 0.012,True,1,1
698,7475,,mnist,0.012,N4,MNIST_P96_N4,unsat,51.3682,3075.0,verinet,MNIST_P96_N4 N4 0.012,True,1,1
699,7469,,mnist,0.012,N22,MNIST_P33_N22,unsat,59.5522,3069.0,verinet,MNIST_P33_N22 N22 0.012,True,1,1
700,7465,,mnist,0.012,N4,MNIST_P79_N4,unsat,51.3052,3065.0,verinet,MNIST_P79_N4 N4 0.012,True,1,1
701,7459,,mnist,0.012,N21,MNIST_P52_N21,unsat,50.2333,3059.0,verinet,MNIST_P52_N21 N21 0.012,True,1,1
702,7455,,mnist,0.012,N19,MNIST_P51_N19,unsat,51.6432,3055.0,verinet,MNIST_P51_N19 N19 0.012,True,1,1
703,7450,,mnist,0.012,N22,MNIST_P9_N22,unsat,58.4674,3050.0,verinet,MNIST_P9_N22 N22 0.012,True,1,1
704,7210,,mnist,0.012,N33,MNIST_P84_N33,unsat,61.0323,2810.0,verinet,MNIST_P84_N33 N33 0.012,True,1,1
705,7204,,mnist,0.012,N22,MNIST_P42_N22,unsat,57.8748,2804.0,verinet,MNIST_P42_N22 N22 0.012,True,1,1
706,7201,,mnist,0.012,N22,MNIST_P98_N22,unsat,57.6961,2801.0,verinet,MNIST_P98_N22 N22 0.012,True,1,1
707,6942,,mnist,0.012,N19,MNIST_P79_N19,unsat,50.9279,2542.0,verinet,MNIST_P79_N19 N19 0.012,True,1,1
708,6925,,mnist,0.012,N4,MNIST_P43_N4,unsat,50.3861,2525.0,verinet,MNIST_P43_N4 N4 0.012,True,1,1
709,6923,,mnist,0.012,N33,MNIST_P63_N33,sat,19.8798,2523.0,verinet,MNIST_P63_N33 N33 0.012,True,1,1
710,6922,,mnist,0.012,N22,MNIST_P62_N22,unsat,60.0811,2522.0,verinet,MNIST_P62_N22 N22 0.012,True,1,1
711,6898,,mnist,0.012,N21,MNIST_P98_N21,unsat,50.9196,2498.0,verinet,MNIST_P98_N21 N21 0.012,True,1,1
712,6897,,mnist,0.012,N21,MNIST_P34_N21,unsat,52.2176,2497.0,verinet,MNIST_P34_N21 N21 0.012,True,1,1
713,6888,,mnist,0.012,N4,MNIST_P87_N4,unsat,49.5955,2488.0,verinet,MNIST_P87_N4 N4 0.012,True,1,1
714,6857,,mnist,0.012,N21,MNIST_P10_N21,unsat,51.0567,2457.0,verinet,MNIST_P10_N21 N21 0.012,True,1,1
715,6845,,mnist,0.012,N22,MNIST_P72_N22,unsat,59.2095,2445.0,verinet,MNIST_P72_N22 N22 0.012,True,1,1
716,6841,,mnist,0.012,N22,MNIST_P77_N22,unsat,61.3919,2441.0,verinet,MNIST_P77_N22 N22 0.012,True,1,1
717,6839,,mnist,0.012,N33,MNIST_P96_N33,sat,52.3022,2439.0,verinet,MNIST_P96_N33 N33 0.012,True,1,1
718,6819,,mnist,0.012,N19,MNIST_P95_N19,unsat,50.6857,2419.0,verinet,MNIST_P95_N19 N19 0.012,True,1,1
719,6816,,mnist,0.012,N19,MNIST_P44_N19,unsat,50.2104,2416.0,verinet,MNIST_P44_N19 N19 0.012,True,1,1
720,6808,,mnist,0.012,N33,MNIST_P55_N33,unsat,60.2119,2408.0,verinet,MNIST_P55_N33 N33 0.012,True,1,1
721,6798,,mnist,0.012,N22,MNIST_P45_N22,unsat,61.9712,2398.0,verinet,MNIST_P45_N22 N22 0.012,True,1,1
722,6794,,mnist,0.012,N21,MNIST_P70_N21,unsat,52.8392,2394.0,verinet,MNIST_P70_N21 N21 0.012,True,1,1
723,6764,,mnist,0.012,N21,MNIST_P35_N21,unsat,51.9457,2364.0,verinet,MNIST_P35_N21 N21 0.012,True,1,1
724,6755,,mnist,0.012,N21,MNIST_P71_N21,unsat,50.767,2355.0,verinet,MNIST_P71_N21 N21 0.012,True,1,1
725,6753,,mnist,0.012,N4,MNIST_P57_N4,unsat,51.2086,2353.0,verinet,MNIST_P57_N4 N4 0.012,True,1,1
726,6741,,mnist,0.012,N21,MNIST_P20_N21,unsat,51.0291,2341.0,verinet,MNIST_P20_N21 N21 0.012,True,1,1
727,6735,,mnist,0.012,N19,MNIST_P55_N19,unsat,50.2661,2335.0,verinet,MNIST_P55_N19 N19 0.012,True,1,1
728,6731,,mnist,0.012,N19,MNIST_P90_N19,unsat,48.4779,2331.0,verinet,MNIST_P90_N19 N19 0.012,True,1,1
729,6729,,mnist,0.012,N4,MNIST_P81_N4,unsat,50.7018,2329.0,verinet,MNIST_P81_N4 N4 0.012,True,1,1
730,6725,,mnist,0.012,N12,MNIST_P26_N12,sat,19.9581,2325.0,verinet,MNIST_P26_N12 N12 0.012,True,1,1
731,6929,,mnist,0.012,N12,MNIST_P63_N12,unsat,59.3485,2529.0,verinet,MNIST_P63_N12 N12 0.012,True,1,1
732,6946,,mnist,0.012,N12,MNIST_P89_N12,unsat,57.772,2546.0,verinet,MNIST_P89_N12 N12 0.012,True,1,1
733,7181,,mnist,0.012,N22,MNIST_P34_N22,unsat,61.3981,2781.0,verinet,MNIST_P34_N22 N22 0.012,True,1,1
734,6982,,mnist,0.012,N19,MNIST_P96_N19,unsat,51.0741,2582.0,verinet,MNIST_P96_N19 N19 0.012,True,1,1
735,7178,,mnist,0.012,N19,MNIST_P67_N19,unsat,50.6397,2778.0,verinet,MNIST_P67_N19 N19 0.012,True,1,1
736,7173,,mnist,0.012,N22,MNIST_P46_N22,unsat,59.4829,2773.0,verinet,MNIST_P46_N22 N22 0.012,True,1,1
737,7169,,mnist,0.012,N19,MNIST_P87_N19,unsat,50.6767,2769.0,verinet,MNIST_P87_N19 N19 0.012,True,1,1
738,7158,,mnist,0.012,N22,MNIST_P61_N22,unsat,60.6707,2758.0,verinet,MNIST_P61_N22 N22 0.012,True,1,1
739,7153,,mnist,0.012,N12,MNIST_P85_N12,unsat,59.8332,2753.0,verinet,MNIST_P85_N12 N12 0.012,True,1,1
740,7140,,mnist,0.012,N12,MNIST_P49_N12,unsat,59.0845,2740.0,verinet,MNIST_P49_N12 N12 0.012,True,1,1
741,7139,,mnist,0.012,N4,MNIST_P52_N4,unsat,51.4176,2739.0,verinet,MNIST_P52_N4 N4 0.012,True,1,1
742,7135,,mnist,0.012,N21,MNIST_P45_N21,unsat,49.9679,2735.0,verinet,MNIST_P45_N21 N21 0.012,True,1,1
743,7128,,mnist,0.012,N22,MNIST_P70_N22,unsat,59.6789,2728.0,verinet,MNIST_P70_N22 N22 0.012,True,1,1
744,7125,,mnist,0.012,N22,MNIST_P50_N22,unsat,60.2121,2725.0,verinet,MNIST_P50_N22 N22 0.012,True,1,1
745,7120,,mnist,0.012,N21,MNIST_P17_N21,unsat,52.7123,2720.0,verinet,MNIST_P17_N21 N21 0.012,True,1,1
746,7108,,mnist,0.012,N4,MNIST_P14_N4,unsat,50.4518,2708.0,verinet,MNIST_P14_N4 N4 0.012,True,1,1
747,7100,,mnist,0.012,N33,MNIST_P75_N33,unsat,60.3382,2700.0,verinet,MNIST_P75_N33 N33 0.012,True,1,1
748,7098,,mnist,0.012,N4,MNIST_P37_N4,unsat,49.0735,2698.0,verinet,MNIST_P37_N4 N4 0.012,True,1,1
749,7094,,mnist,0.012,N33,MNIST_P88_N33,unsat,60.0171,2694.0,verinet,MNIST_P88_N33 N33 0.012,True,1,1
750,7089,,mnist,0.012,N12,MNIST_P99_N12,unsat,61.6537,2689.0,verinet,MNIST_P99_N12 N12 0.012,True,1,1
751,7083,,mnist,0.012,N21,MNIST_P25_N21,unsat,50.6329,2683.0,verinet,MNIST_P25_N21 N21 0.012,True,1,1
752,7061,,mnist,0.012,N21,MNIST_P85_N21,unsat,51.1441,2661.0,verinet,MNIST_P85_N21 N21 0.012,True,1,1
753,7050,,mnist,0.012,N19,MNIST_P54_N19,unsat,51.9077,2650.0,verinet,MNIST_P54_N19 N19 0.012,True,1,1
754,7048,,mnist,0.012,N33,MNIST_P92_N33,unsat,57.7938,2648.0,verinet,MNIST_P92_N33 N33 0.012,True,1,1
755,7032,,mnist,0.012,N22,MNIST_P17_N22,unsat,61.4043,2632.0,verinet,MNIST_P17_N22 N22 0.012,True,1,1
756,7028,,mnist,0.012,N21,MNIST_P49_N21,unsat,52.7774,2628.0,verinet,MNIST_P49_N21 N21 0.012,True,1,1
757,7024,,mnist,0.012,N21,MNIST_P76_N21,unsat,50.451,2624.0,verinet,MNIST_P76_N21 N21 0.012,True,1,1
758,7582,,mnist,0.012,N19,MNIST_P59_N19,unsat,52.1344,3182.0,verinet,MNIST_P59_N19 N19 0.012,True,1,1
759,7587,,mnist,0.012,N22,MNIST_P68_N22,unsat,57.7928,3187.0,verinet,MNIST_P68_N22 N22 0.012,True,1,1
760,7592,,mnist,0.012,N4,MNIST_P66_N4,unsat,50.0859,3192.0,verinet,MNIST_P66_N4 N4 0.012,True,1,1
761,8272,,mnist,0.012,N22,MNIST_P20_N22,unsat,57.5143,3872.0,verinet,MNIST_P20_N22 N22 0.012,True,1,1
762,8244,,mnist,0.012,N21,MNIST_P88_N21,unsat,49.5316,3844.0,verinet,MNIST_P88_N21 N21 0.012,True,1,1
763,8232,,mnist,0.012,N4,MNIST_P67_N4,unsat,50.2556,3832.0,verinet,MNIST_P67_N4 N4 0.012,True,1,1
764,8225,,mnist,0.012,N21,MNIST_P67_N21,unsat,50.4952,3825.0,verinet,MNIST_P67_N21 N21 0.012,True,1,1
765,8192,,mnist,0.012,N19,MNIST_P86_N19,unsat,49.9209,3792.0,verinet,MNIST_P86_N19 N19 0.012,True,1,1
766,8190,,mnist,0.012,N33,MNIST_P10_N33,unsat,60.7839,3790.0,verinet,MNIST_P10_N33 N33 0.012,True,1,1
767,8184,,mnist,0.012,N33,MNIST_P18_N33,sat,6.6459,3784.0,verinet,MNIST_P18_N33 N33 0.012,True,1,1
768,8181,,mnist,0.012,N12,MNIST_P46_N12,unsat,60.0333,3781.0,verinet,MNIST_P46_N12 N12 0.012,True,1,1
769,8180,,mnist,0.012,N19,MNIST_P5_N19,unsat,51.2432,3780.0,verinet,MNIST_P5_N19 N19 0.012,True,1,1
770,8177,,mnist,0.012,N21,MNIST_P44_N21,unsat,51.8676,3777.0,verinet,MNIST_P44_N21 N21 0.012,True,1,1
771,8168,,mnist,0.012,N33,MNIST_P94_N33,unsat,58.9494,3768.0,verinet,MNIST_P94_N33 N33 0.012,True,1,1
772,8164,,mnist,0.012,N22,MNIST_P53_N22,unsat,59.554,3764.0,verinet,MNIST_P53_N22 N22 0.012,True,1,1
773,8158,,mnist,0.012,N19,MNIST_P42_N19,unsat,51.8569,3758.0,verinet,MNIST_P42_N19 N19 0.012,True,1,1
774,8152,,mnist,0.012,N4,MNIST_P91_N4,unsat,53.2642,3752.0,verinet,MNIST_P91_N4 N4 0.012,True,1,1
775,8151,,mnist,0.012,N22,MNIST_P64_N22,unsat,61.0998,3751.0,verinet,MNIST_P64_N22 N22 0.012,True,1,1
776,8143,,mnist,0.012,N22,MNIST_P49_N22,unsat,59.3753,3743.0,verinet,MNIST_P49_N22 N22 0.012,True,1,1
777,8141,,mnist,0.012,N19,MNIST_P35_N19,unsat,49.9595,3741.0,verinet,MNIST_P35_N19 N19 0.012,True,1,1
778,8131,,mnist,0.012,N22,MNIST_P2_N22,unsat,60.6251,3731.0,verinet,MNIST_P2_N22 N22 0.012,True,1,1
779,8110,,mnist,0.012,N4,MNIST_P72_N4,unsat,50.9738,3710.0,verinet,MNIST_P72_N4 N4 0.012,True,1,1
780,8095,,mnist,0.012,N12,MNIST_P10_N12,unsat,58.4448,3695.0,verinet,MNIST_P10_N12 N12 0.012,True,1,1
781,8090,,mnist,0.012,N12,MNIST_P61_N12,unsat,60.8062,3690.0,verinet,MNIST_P61_N12 N12 0.012,True,1,1
782,8072,,mnist,0.012,N4,MNIST_P12_N4,unsat,50.7288,3672.0,verinet,MNIST_P12_N4 N4 0.012,True,1,1
783,8071,,mnist,0.012,N21,MNIST_P58_N21,unsat,50.5897,3671.0,verinet,MNIST_P58_N21 N21 0.012,True,1,1
784,8062,,mnist,0.012,N4,MNIST_P89_N4,unsat,51.7689,3662.0,verinet,MNIST_P89_N4 N4 0.012,True,1,1
785,8250,,mnist,0.012,N4,MNIST_P0_N4,unsat,50.8635,3850.0,verinet,MNIST_P0_N4 N4 0.012,True,1,1
786,8273,,mnist,0.012,N4,MNIST_P41_N4,unsat,51.0573,3873.0,verinet,MNIST_P41_N4 N4 0.012,True,1,1
787,8053,,mnist,0.012,N4,MNIST_P5_N4,unsat,50.6653,3653.0,verinet,MNIST_P5_N4 N4 0.012,True,1,1
788,8280,,mnist,0.012,N19,MNIST_P38_N19,unsat,51.1262,3880.0,verinet,MNIST_P38_N19 N19 0.012,True,1,1
789,8416,,mnist,0.012,N12,MNIST_P42_N12,unsat,57.9353,4016.0,verinet,MNIST_P42_N12 N12 0.012,True,1,1
790,8412,,mnist,0.012,N19,MNIST_P37_N19,unsat,50.4881,4012.0,verinet,MNIST_P37_N19 N19 0.012,True,1,1
791,8410,,mnist,0.012,N19,MNIST_P58_N19,unsat,51.6055,4010.0,verinet,MNIST_P58_N19 N19 0.012,True,1,1
792,8407,,mnist,0.012,N19,MNIST_P47_N19,unsat,51.0357,4007.0,verinet,MNIST_P47_N19 N19 0.012,True,1,1
793,8380,,mnist,0.012,N12,MNIST_P94_N12,unsat,60.7187,3980.0,verinet,MNIST_P94_N12 N12 0.012,True,1,1
794,8379,,mnist,0.012,N19,MNIST_P50_N19,unsat,51.5376,3979.0,verinet,MNIST_P50_N19 N19 0.012,True,1,1
795,8370,,mnist,0.012,N33,MNIST_P59_N33,unsat,59.5989,3970.0,verinet,MNIST_P59_N33 N33 0.012,True,1,1
796,8362,,mnist,0.012,N12,MNIST_P31_N12,unsat,61.1766,3962.0,verinet,MNIST_P31_N12 N12 0.012,True,1,1
797,8356,,mnist,0.012,N12,MNIST_P11_N12,unsat,59.9697,3956.0,verinet,MNIST_P11_N12 N12 0.012,True,1,1
798,8346,,mnist,0.012,N19,MNIST_P31_N19,unsat,51.5235,3946.0,verinet,MNIST_P31_N19 N19 0.012,True,1,1
799,8344,,mnist,0.012,N21,MNIST_P95_N21,unsat,53.4175,3944.0,verinet,MNIST_P95_N21 N21 0.012,True,1,1
800,8343,,mnist,0.012,N22,MNIST_P51_N22,unsat,59.8295,3943.0,verinet,MNIST_P51_N22 N22 0.012,True,1,1
801,8340,,mnist,0.012,N4,MNIST_P74_N4,unsat,50.9618,3940.0,verinet,MNIST_P74_N4 N4 0.012,True,1,1
802,8328,,mnist,0.012,N22,MNIST_P0_N22,unsat,60.1902,3928.0,verinet,MNIST_P0_N22 N22 0.012,True,1,1
803,8322,,mnist,0.012,N19,MNIST_P34_N19,unsat,50.8962,3922.0,verinet,MNIST_P34_N19 N19 0.012,True,1,1
804,8320,,mnist,0.012,N4,MNIST_P10_N4,unsat,51.9848,3920.0,verinet,MNIST_P10_N4 N4 0.012,True,1,1
805,8318,,mnist,0.012,N19,MNIST_P1_N19,unsat,50.7746,3918.0,verinet,MNIST_P1_N19 N19 0.012,True,1,1
806,8316,,mnist,0.012,N21,MNIST_P47_N21,unsat,50.1646,3916.0,verinet,MNIST_P47_N21 N21 0.012,True,1,1
807,8313,,mnist,0.012,N33,MNIST_P71_N33,unsat,59.4023,3913.0,verinet,MNIST_P71_N33 N33 0.012,True,1,1
808,8305,,mnist,0.012,N33,MNIST_P41_N33,unsat,58.7787,3905.0,verinet,MNIST_P41_N33 N33 0.012,True,1,1
809,8299,,mnist,0.012,N33,MNIST_P27_N33,unsat,58.9038,3899.0,verinet,MNIST_P27_N33 N33 0.012,True,1,1
810,8298,,mnist,0.012,N4,MNIST_P53_N4,unsat,51.7908,3898.0,verinet,MNIST_P53_N4 N4 0.012,True,1,1
811,8296,,mnist,0.012,N21,MNIST_P99_N21,unsat,50.597,3896.0,verinet,MNIST_P99_N21 N21 0.012,True,1,1
812,8061,,mnist,0.012,N4,MNIST_P45_N4,unsat,50.2771,3661.0,verinet,MNIST_P45_N4 N4 0.012,True,1,1
813,8028,,mnist,0.012,N4,MNIST_P9_N4,unsat,52.048,3628.0,verinet,MNIST_P9_N4 N4 0.012,True,1,1
814,7598,,mnist,0.012,N4,MNIST_P29_N4,unsat,51.1094,3198.0,verinet,MNIST_P29_N4 N4 0.012,True,1,1
815,7783,,mnist,0.012,N33,MNIST_P86_N33,unsat,59.6154,3383.0,verinet,MNIST_P86_N33 N33 0.012,True,1,1
816,7770,,mnist,0.012,N4,MNIST_P58_N4,unsat,51.1948,3370.0,verinet,MNIST_P58_N4 N4 0.012,True,1,1
817,7761,,mnist,0.012,N33,MNIST_P49_N33,sat,26.6565,3361.0,verinet,MNIST_P49_N33 N33 0.012,True,1,1
818,7758,,mnist,0.012,N22,MNIST_P85_N22,unsat,60.1961,3358.0,verinet,MNIST_P85_N22 N22 0.012,True,1,1
819,7752,,mnist,0.012,N19,MNIST_P23_N19,unsat,53.0515,3352.0,verinet,MNIST_P23_N19 N19 0.012,True,1,1
820,7749,,mnist,0.012,N33,MNIST_P76_N33,unsat,59.9631,3349.0,verinet,MNIST_P76_N33 N33 0.012,True,1,1
821,7734,,mnist,0.012,N4,MNIST_P13_N4,unsat,49.6906,3334.0,verinet,MNIST_P13_N4 N4 0.012,True,1,1
822,7732,,mnist,0.012,N12,MNIST_P58_N12,unsat,60.4382,3332.0,verinet,MNIST_P58_N12 N12 0.012,True,1,1
823,7719,,mnist,0.012,N4,MNIST_P36_N4,unsat,51.8362,3319.0,verinet,MNIST_P36_N4 N4 0.012,True,1,1
824,7711,,mnist,0.012,N12,MNIST_P60_N12,unsat,59.2067,3311.0,verinet,MNIST_P60_N12 N12 0.012,True,1,1
825,7710,,mnist,0.012,N12,MNIST_P23_N12,unsat,62.6595,3310.0,verinet,MNIST_P23_N12 N12 0.012,True,1,1
826,7708,,mnist,0.012,N33,MNIST_P51_N33,unsat,59.0229,3308.0,verinet,MNIST_P51_N33 N33 0.012,True,1,1
827,7704,,mnist,0.012,N33,MNIST_P37_N33,unsat,59.6963,3304.0,verinet,MNIST_P37_N33 N33 0.012,True,1,1
828,7702,,mnist,0.012,N19,MNIST_P7_N19,unsat,52.7116,3302.0,verinet,MNIST_P7_N19 N19 0.012,True,1,1
829,7695,,mnist,0.012,N21,MNIST_P79_N21,unsat,51.5156,3295.0,verinet,MNIST_P79_N21 N21 0.012,True,1,1
830,7674,,mnist,0.012,N22,MNIST_P39_N22,unsat,59.5572,3274.0,verinet,MNIST_P39_N22 N22 0.012,True,1,1
831,7671,,mnist,0.012,N21,MNIST_P93_N21,unsat,50.8779,3271.0,verinet,MNIST_P93_N21 N21 0.012,True,1,1
832,7645,,mnist,0.012,N4,MNIST_P7_N4,unsat,53.0541,3245.0,verinet,MNIST_P7_N4 N4 0.012,True,1,1
833,7640,,mnist,0.012,N22,MNIST_P4_N22,unsat,60.7622,3240.0,verinet,MNIST_P4_N22 N22 0.012,True,1,1
834,7639,,mnist,0.012,N22,MNIST_P40_N22,unsat,60.285,3239.0,verinet,MNIST_P40_N22 N22 0.012,True,1,1
835,7638,,mnist,0.012,N22,MNIST_P12_N22,unsat,61.76,3238.0,verinet,MNIST_P12_N22 N22 0.012,True,1,1
836,7617,,mnist,0.012,N33,MNIST_P20_N33,unsat,60.5103,3217.0,verinet,MNIST_P20_N33 N33 0.012,True,1,1
837,7609,,mnist,0.012,N12,MNIST_P8_N12,unsat,59.3525,3209.0,verinet,MNIST_P8_N12 N12 0.012,True,1,1
838,7602,,mnist,0.012,N19,MNIST_P61_N19,unsat,50.7805,3202.0,verinet,MNIST_P61_N19 N19 0.012,True,1,1
839,7775,,mnist,0.012,N12,MNIST_P67_N12,sat,27.1303,3375.0,verinet,MNIST_P67_N12 N12 0.012,True,1,1
840,7791,,mnist,0.012,N22,MNIST_P65_N22,unsat,58.755,3391.0,verinet,MNIST_P65_N22 N22 0.012,True,1,1
841,8012,,mnist,0.012,N19,MNIST_P21_N19,unsat,50.7182,3612.0,verinet,MNIST_P21_N19 N19 0.012,True,1,1
842,7793,,mnist,0.012,N4,MNIST_P32_N4,unsat,51.4938,3393.0,verinet,MNIST_P32_N4 N4 0.012,True,1,1
843,8011,,mnist,0.012,N4,MNIST_P4_N4,unsat,51.8411,3611.0,verinet,MNIST_P4_N4 N4 0.012,True,1,1
844,7992,,mnist,0.012,N22,MNIST_P63_N22,unsat,59.963,3592.0,verinet,MNIST_P63_N22 N22 0.012,True,1,1
845,7986,,mnist,0.012,N33,MNIST_P90_N33,unsat,60.0521,3586.0,verinet,MNIST_P90_N33 N33 0.012,True,1,1
846,7984,,mnist,0.012,N33,MNIST_P70_N33,unsat,60.5722,3584.0,verinet,MNIST_P70_N33 N33 0.012,True,1,1
847,7983,,mnist,0.012,N19,MNIST_P63_N19,unsat,51.6022,3583.0,verinet,MNIST_P63_N19 N19 0.012,True,1,1
848,7965,,mnist,0.012,N12,MNIST_P80_N12,sat,20.9925,3565.0,verinet,MNIST_P80_N12 N12 0.012,True,1,1
849,7959,,mnist,0.012,N12,MNIST_P19_N12,unsat,61.307,3559.0,verinet,MNIST_P19_N12 N12 0.012,True,1,1
850,7948,,mnist,0.012,N22,MNIST_P30_N22,unsat,60.0483,3548.0,verinet,MNIST_P30_N22 N22 0.012,True,1,1
851,7942,,mnist,0.012,N33,MNIST_P42_N33,sat,53.589,3542.0,verinet,MNIST_P42_N33 N33 0.012,True,1,1
852,7940,,mnist,0.012,N12,MNIST_P56_N12,unsat,60.1104,3540.0,verinet,MNIST_P56_N12 N12 0.012,True,1,1
853,7908,,mnist,0.012,N33,MNIST_P23_N33,unsat,62.2222,3508.0,verinet,MNIST_P23_N33 N33 0.012,True,1,1
854,7898,,mnist,0.012,N33,MNIST_P72_N33,unsat,60.3276,3498.0,verinet,MNIST_P72_N33 N33 0.012,True,1,1
855,7882,,mnist,0.012,N21,MNIST_P63_N21,unsat,50.6855,3482.0,verinet,MNIST_P63_N21 N21 0.012,True,1,1
856,7878,,mnist,0.012,N33,MNIST_P80_N33,sat,41.5745,3478.0,verinet,MNIST_P80_N33 N33 0.012,True,1,1
857,7875,,mnist,0.012,N22,MNIST_P69_N22,sat,46.9852,3475.0,verinet,MNIST_P69_N22 N22 0.012,True,1,1
858,7872,,mnist,0.012,N19,MNIST_P62_N19,unsat,49.1816,3472.0,verinet,MNIST_P62_N19 N19 0.012,True,1,1
859,7854,,mnist,0.012,N33,MNIST_P5_N33,unsat,58.7179,3454.0,verinet,MNIST_P5_N33 N33 0.012,True,1,1
860,7848,,mnist,0.012,N22,MNIST_P83_N22,unsat,61.2708,3448.0,verinet,MNIST_P83_N22 N22 0.012,True,1,1
861,7831,,mnist,0.012,N4,MNIST_P78_N4,unsat,51.59,3431.0,verinet,MNIST_P78_N4 N4 0.012,True,1,1
862,7829,,mnist,0.012,N19,MNIST_P2_N19,unsat,51.2487,3429.0,verinet,MNIST_P2_N19 N19 0.012,True,1,1
863,7816,,mnist,0.012,N12,MNIST_P27_N12,unsat,60.2974,3416.0,verinet,MNIST_P27_N12 N12 0.012,True,1,1
864,7809,,mnist,0.012,N19,MNIST_P46_N19,unsat,50.8001,3409.0,verinet,MNIST_P46_N19 N19 0.012,True,1,1
865,7806,,mnist,0.012,N22,MNIST_P71_N22,unsat,59.9038,3406.0,verinet,MNIST_P71_N22 N22 0.012,True,1,1
